,,,
983747432696578049,,踊院「携帯がうどんに刺さった。あまりにも見事に直立していたので、記念に撮ろうと思って携帯を探したらうどんに刺さっていた」,DSG_copy
983747045872644096,,"私の踊りきもいって思われてたらどうしよ｡ﾟ(ﾟ´ω`ﾟ)ﾟ｡ってなってきた。。
ちゃんと下手ってわかってるよ調子乗ってないからかっこいいのもやらせてくれ、、！！",Dance_Ayaaya_
983746988834406400,,笑顔光りて神舞う伊勢の地、太陽と月の音追い求めよさこいよさこい【2013雅楽舞/犬山踊芸祭】,miyabiMCbot
983745438548279296,,眷属達ニ光ルテープ貼ッテミタラ踊リ始メタ,thana_bot
983744945948319745,,"みんなで踊ろう系するので魅せるというよりはみんなで踊りましょーい♪
#アニキン #特撮",akaringo0914
983744159260397568,,踊foot worksもっとクラブで流れてほしい,___Osu___shI___
983741987722485760,,"体調・気分↓↓↓に加え、オモチャみたいなスマホでろくな写真撮れないし、
パクリやしょうもない自慢に何千何万いいね、ついてんのが阿呆らしくて
ついったー最近ろくに追ってなかった

やめようと思ったがそうなると鹿踊・獅子躍やキャラさんの情報入ってこなくなるし…",kusa_moc_chi
983739020801789952,,(定^v^期)ボカロ/アニメ/ニコ動/ギター/RADWIMPS/bump/歌い手/踊り手/歌みた/踊みた/アメーバ/AKB/NMB　etc...　この中に１つでも好きなの当てはまったらフォローしてくらさい(*´x｀*)！！,0064__r
983738494123106304,,踊ル猫曰ク聞いてると気持ちよくなってくる,NyuSateraito
983738014458236928,,でもランスロで踊みたするときわし一誠…頑張ろ日本💪💪💪←,Leo_6_yellow
983737288210313216,,"#あなたとフォロワーでラブコメしたら
カバンに彼氏のキーホールダー
　うわあ、遅刻、遅刻！

　僕の名前はガスマスク。キューピット学園の生徒だ。

　昨日夜遅くまで赤松さんをやってたせいで今朝は寝坊しちゃったんだよね。

　曲がり… https://t.co/w7QOitbEnH",K59911166
983737119817449478,,"我、ストレスか何かで急に心臓が痛くなるも、こんな夜中まで踊みたを漁りつつ、チェキの整理をして一向に寝ようとしない。

((今日は2時には寝る…))",uirou_kt
983736716098846720,,踊みた投稿始めてからもう2年…未だに進歩しないからあれなんだけどまだまだやりたい事たくさんだから辞めれないなぁ,kureno_o
983735116064178176,,花ハ踊レヤいろはにほ！,naru_hnymt
983735103372247041,,"【追悼 月亭可朝さん】
次にお会いするのは桜の咲く頃ですね？とロードに出る前にお別れした踊り子さんと再会。
私「桜はかなり散ってしまいましたね」
踊「そんなことないですよ、ほら満開」
と○○を開く踊り子さん。いや、そういうことじゃ… https://t.co/T8ERjWA5iG",mm_ta_UKAG
983735021105070080,,踊レ狼のDVD、現地で予約し忘れる失態を犯し、先程予約しましたw,kk_bsp_luster
983734211180810240,983732078477889537,"ステとベルトはこんな感じ。
美味しいベルトが出たから
踊やってるような物ですw
ベルトのマヒはけっこうな
頻度で入ります。
腕装備の幻惑4%と合わせて
ピンチになりにくい感じです。
けっこう重宝してますw https://t.co/NWUNHEgjSo",0083_GP3
983733465014157312,,"凍テツク今宵コソ踊リ散レ蝶タチヨ、祈リハ如何ニ届カン。
震エル夜更ケニ舞イ集エルノナラ、共ニ進ム理由トナレ。

【蝶】",ryohei_botx
983733436950069251,,花ハ踊レヤいろはにほのMVは落ちサビのメガネでわろてまう,shin_piano1129
983731941307367425,,"『“酸味""る奴は…“檸檬""(ハードラック)と“踊""(ダンス)っちまったんだよ…』",remonjiru_store
983731597143769089,983731522799677440, @some_rxy 踊ろか？？？,NTMsika_KT
983729985163636736,,"魔法少女俺また見て、録画しといたかくりよ、され踊、喰種:re、銀魂の最後3話見てたら3時間半なんてあっという間だね！！

今期、アニメ録りすぎてるから、夫が無言の圧をかけてくるよね★

見たいのはとりあえず初回は見てから切る切らな… https://t.co/L2jts1xlpa",pinkpinkorange
983725050418290688,,やっぱ皆んな花ハ踊レいれてんのか…そりゃそうか,SyuN_yui_junna
983724067889954818,,心   踊 https://t.co/oos0XU0INn,nomuchan0310
983721277423632385,,お米タルＤＰ踊緑コンごちそうさまでした。 https://t.co/xAuvTw3QhM,283DDR
983720815647584256,983288695926083584," 疑  能

踊   強",issahassi_2
983720562135515137,983718779212390401, Peonyも愛踊祭でますか！,mariusudx
983720412570939392,,昨日今日と踊痛レベルの足で粘着したってそらスコアなんて出ねて,excess_anko
983720294585008129,,"ニューセンＤＰ踊ＡＡ。

個人的にこの譜面は嵌まるときは少しだけ嵌まる感じ。 https://t.co/1U7av0yupv",283DDR
983719809824129030,,"城崎16日目。
朝、外踊。目指、動画再生王。
久々、円陣。思出、中国遠征。
昼、洋風赤麺。山田氏、洋風赤麺博士。解緊張、久々昼寝。悪夢。怖。
長昼寝。
流確認。小布。流大量。覚不安。
夜、日本麺、薬味美味。
安定御所湯。温度私好。… https://t.co/udZAGZeErz",tajimayumika
983718831720824833,,やっぱやったことのないジャンルって踊みたなのか？🤔最高,steel_1015
983718430338461698,,"えー、本日のお薦めは二傑ー二傑ですかね！
踊舞商店開店早々大繁盛です https://t.co/XqRiLf6oNO",_mini_rex
983718230270201858,,きゃんしろちゃん愛踊祭2018エントリーいかがでしょうか?,hironoshin450
983717236308295680,,踊院:僕の頭の中の彼女を紹介します,DSG_copy
983715636067975169,,踊Foot、DENIMS、ジャバ、TENDOUJIが名古屋に集結,pojibakurumaru
983715472355999746,,"純粋だった少年時代は 手をつなぐことも出来ない位さ
あれから十年 経った今じゃ 初対面の女の子とすら
I wanna miracle.
現実逃避 夢見て テ踊ル 一度きりのアイを繰り返すの
『FR/DAY NIGHT』",phatmans_bot
983715301341581312,,"声優志望で舞台とかも出てる友達が歌ってみたとかライブとかやりたいっていってたから6月の唄踊誘うつもり。
5月も誘ったけど予定合わなかったんだよね

こないだその人と5時間くらいカラオケしてたけどめちゃくちゃ上手いし、高音の声量がやばいしノリいいから絶対ライブ向きなんだよね",ourshome616
983713813013774341,,".
  (  定期  )
     癒声森田 .。 艶髪森田 .。
     愛唇森田 .。 萌踊森田 .。
     籠球森田 .。
     耳掛け森田 .。 舌ぺろ森田 .。
  ❥. 4連団扇┊5連団扇┊パク禁 ┊",1O31___mm
983712439194632192,983709905524674562, こちらこそフリンさんありがとうございます🙏✨✨✨いえっふ〜〜（踊）,saku2815yum
983712069240242178,,Over The “Period” - TAG underground overlay(踊15)　HSの設定が難しく、更に高速な地団駄や厄介な配置もあって15最強の一角かも。 https://t.co/l88H5Oo5ni,DDR_mami_bot
983711876516229121,,いずいずは……“鏡”（ミラー）と“踊”（ダンス）っちまったんだよ…… https://t.co/ZbPI9YINw5,sen__cc
983711854487683078,,三浦ロベの誰踊と人権宣言とても楽しみ,_nishinoki_
983711021931028485,983709158330388480, おこりました　課題曲は14のNew Century踊です,3QUA9LA
983710777654652929,983710218696605696," 踊男でマイケルとかなら吹っ飛ぶけど、当て字はある程度おけじゃね？
名前の音はマジで賢げでかっちょいーよ
久しぶりに美しい男児名をみた、って思った
たまに江戸の町娘みたいな名前の男の子いるけどありゃねえなと思うもん
女でもねえよ",lgnHq1qlKPH4wUV
983710703906209792,,ハデス踊982kまで。 https://t.co/b6e7gCrhys,dj_lotus719
983710558720409602,983710286174535681, とりあえず全裸で踊みたを出したら警察署前までそのまま散歩してみたを出してください,moyashi_ajisai
983710259070959616,,花ハ踊レヤいろはにほ https://t.co/OoDx2wZkPf さんから,sui777
983710126421884930,,"邪神踊周回用
しぃさんに付けてもらいました！
ダークグラス未完成つらい https://t.co/bTkAkoSStM",mina6246
983710105270022144,,【定期】ﾙﾋﾞ鯖で活動してます！基本3chで活動中　193踊/ｽﾗ　193前/173前　189龍/140灰　150印/140ﾛｸﾞ　100代闘機魂属　60台天 90台拳　狩ﾌﾚでもなんでも一緒に遊べる方募集中^^　ｽｶｲﾌﾟなどで… https://t.co/b0NrDBg5RN,SAKUBATTO
983709631213027328,,新「勇敢な挑戦者たちが♪リングサイドにあらわれた♪」真「BABABABAーーN！」荒「カラオケ来るといッつもコレだな」東「いいぞ隼人ー！」新「本気で本気で本気で本気で♪＼ｶﾞﾀｯ／」東「立った！」新「獲りにいくから とんできて♪」荒「出たモノノケ！狭ェから踊ンな危ねェ！」,o_re_ra_tu_yo_i
983709517308309504,,"踊ろう 踊ろう ららら ステップを重ねて

こんな夢の世界を 歩いていこう

たんたんたんっ たんたんたんっ

となりにずっといれるかな

ずっとみんな一緒に歩けるかな？

すい〜と・すてっぷ・すきっぷ

奈津恵(村川梨衣)",E233NatsuMegumi
983708877639204864,,我ラハ踊リ団～♪,shade_odoridan
983708329066156032,983707740714426368," asuなら鳴踊か！
うちのチームよかったら体験来てみない？←笑",im_miyski
983708247851847680,981682790612721664," めっちゃカッコいい曲だよね！
うちも最近闘犬乱舞のMMDでたまたましって聴きまくりながら、振り覚えてる^^

梅ちゃんの踊みた好きだから見たい～",ledoaokaze
983708033170587648,983707619985510400, 不運(ハードラック)と踊(ダンス)っちまう事もあるのでご注意を！,cap0904
983707727565172736,,"C&amp;Kのライブの支払い完了〜〜〜！！踊LOCCAでクルクル回る練習しなくちゃ😂
C&amp;Kだけのライブ初めてだから楽しみだなあ。",naa_Dm
983707431514460160,,"踊音アイリスさんの嫁としての魅力
・毎日玄関で出迎えてくれる
・仕事と家庭の両立が可能
・毎日おはようのkissをしてくれる

嫁にしたら覚悟すべき点
・平手打ちされると頬骨がヤバイ
・時々椅子から転げ落ちる… https://t.co/xEIV9Dh1fH",_airisu9
983707333829132289,,"#なうぷれ: ""花ハ踊レヤいろはにほ"" from ""花ハ踊レヤいろはにほ - EP"" by チーム""ハナヤマタ"" https://t.co/UJwAzsNkfW",anzukise
983707094581854208,,"「踊ステ」vol,4  演者さま

・みゆちーさん
・エサ探知機さん(2部のみ)
・にゃもさん
・あろさん
・仔汰さん
・コネットさん
・月浪さん
・吉良くれはさん

https://t.co/enGrgS2wiO",mikawadou
983706857775677440,,"__어때 이건 어때 어때 춤추자
どう？これはどう？どう？　踊ろう
Up 돼 이건 Up 돼 
Upさせる　これはUpさせる
Up 돼 춤추자
Upさせる　踊ろう

－현아 / 어때?(How's this?)－",H_yu__a_04
983706581312221184,,僕ノ周リデ踊ルナラヘルメット被リナヨ…,wooden_san
983706432007692291,,"❅:*.。🐰とみたけ🐰 ｡.*:❅

⋆* 九 州 の 緩 お た
⋆* と み し ろ / と み ゆ じ
⋆* た ま に 踊 り ま す
⋆* 2 0  o v e r

⋆*九州の現場はほぼいます⋆*

#めせもあ… https://t.co/TW05QCInJb",DanceDance_23
983706427402276864,983706064188092416," 結構ある感じだね
ワープロ、茶道、吹奏楽、音楽、美術、鹿踊、AIM(アニメ・イラスト・マンガ)…",GENM_810INMU
983706408670511105,,"2018年5月12日       踊ステvol,4    in名古屋
場所・名古屋市中区栄三丁目18番1号
            ナディアパーク内  7階  第1スタジオ
時間・1部    12:00~… https://t.co/QY1akKqt5w",10Berith
983706005514014721,,踊みたの振り付けで腰を下げるとこがあるんだけど、動画で他の人がやってるのを見るとめっちゃかっこいいのに私がやると和式便器で💩を捻り出そうとしてる人にしか見えない,lew_ohara131
983705236878405632,983679430529761281," 羨ましがる女です✋びしんくんを……幸せにしてあげてください………。踊レ狼の三馬鹿、３人揃ってアツかったです‼番外編ももっと好きになれました🎶
お写真のさのはまた悟りを開いたお顔されてますね。フランスで何かあったんでしょうか( ˘ω˘)",3akkakka_red
983704276135391232,,鹿踊めちゃくちゃかっこいい………,yyykee
983703158768599040,,踊Foot WorksのBebop Kagefuniが流れた。,WwwHidekiKCJ
983702925590478849,983701449115779072, そうです初クリアです！踊は無理です！！,iloveblack4u
983702550992973824,983696871381123073, （踊ら）ないです。,HEgg0928
983702543376068610,,"【osaka EVOLVED -毎度、おおきに！- (TYPE3) 楽10 踊12 激15】
・最初の唐突な加速、FAや縦連がありテクニカルな譜面。
・他のタイプと違うが、0:25からの16分滝は左を向きながら踏むこと。
https://t.co/AxiRAqkxMM",DDRDP_bot
983702405538758656,,「BEBOP KAGEFUMI」 踊FOOT WORKS 22:43　 [YouTube: https://t.co/HZDEgKtMS4],jwave_onair
983702201733406721,,「BEBOP KAGEFUMI」 踊FOOT WORKS 22:43 https://t.co/MWly3umI6R,jwave
983702141163356160,,"面接官「何故、数ある企業の中で当社を選んだのですか？」
踊院「他にも受けてるよ自惚れんな」",DSG_copy
983702103708221441,,"that's アイドル　馬鹿は舞い踊ル　それに気づカズ　檻の中でダンシング└( ^ω^ )」　暴食　つまみ食いシテ　逆上せ上がッテ　嗤ッテ
「アラアラアラアラｗｗｗ」",SDVX_RASISchan
983702028030435328,,歴代の踊オフの振りわかりやすいから一回見てもらいたい,mittsuEkk06
983701519642972160,,[四]　【冶金踊躍】&lt;やきんようやく&gt;：自分の立場に満足していない,kankenjun1
983701381268885506,,「マツケン？」「そうそう」「マツケンだ！サンバw」「そうマツケンですよ「オーレ…オーレ…」マツケン…「マツケンサンバァ…」あの時当時年の差どれくらいだろうね？「オーレ…」20も違わないくらいかな？「マツケンサンバァ…」永作博美40位だもんね「踊〜ろうぜ…」」【第60回「超雑談」】,bo__ningenjihen
983700065461022720,983697495514476545, クレナ「んぅぅ！ 踊ら…ないと…あぁ！ (ファルムちゃん…どう…かなぁ？)」←絶頂しながら必死に腰を動かしたりして子宮をぶるんぶるんさせて踊る,kahunshou_R18
983699540145418241,,"鯉踊の最終更新がたぶん1月よ
歳の流れは恐ろしいねぇ",agotebiki
983699243910160384,983682260187602944," ダンス楽しい✨2時間、ほぼ踊続けたね(´∀｀*)
ラウドヒル東部練続けてこー✨",KazeNako
983699209068007425,,CS SN2立ち上げてアンリアル激とハデス踊/激の譜面研究するか。,HRS_BLUE
983698272861667328,983698161498599424, （踊ら）ないです,tomohiro283
983698027570319361,,"【定期：冬コミ新刊2】
メロンブックス様にてC93で頒布した「踊ル灰ノ姫-Dance of ""Cendrillon""-」の販売開始しました！
会場に行けなかった方はこちらからどうぞ！
https://t.co/spmQ78dtGX",fuga_komikebot
983696972455469056,983695476875706368," 主要メンバーがゴリフレなあたり踊みたは軽率に出来る嬉しさ😌😌
この子達に合いそうなスタジオがどこにあるかな〜🐟🐟
5人の中から臨時ユニット的なの作っても可愛い事に気がついた٩( 'ω' )وそしたら5色無くてもどうにかなるかも！！！",merkom5
983695917881540608,,"₍₍ ◝(•̀ㅂ•́)◟ ⁾⁾ビミョーに

忙しい時期を無事終えて
ゆっくりアガリオ出来る…

(*n´ω`n*)シアワセ…

ほんで、めださんに出会う
٩(｡•ω•｡*)وいぇい🎶

最近Netflixでアニメを見まくっている…… https://t.co/WWEXfaxYBp",Tadaodorita
983695361104527360,,えふごやってたらみんなのツイネタにもわかるわかるぞ！ってなるかもなんだろうけどスマホゲーとは笑えるほど相性合わないわたしなので手が出せません_(┐「ε:)_あの期間限定とかにすごい踊らされまくるのがつかれるんだ…,nakaasa
983694921608478720,983691588617494528, あおねちゃん全然バトル出れるレベルだと思うからよかったら踊物語でバトルデビューしてみない？(*･ω･)ﾉアニソンバトルとボカロバトルあるよ！,chiakix2nd
983694405738479616,,踊「またドレスのレースが増えてる....恥ずかしいなぁ、コレ。」,scatterz_circus
983694258170355712,,[自動]ラテールやってます。ルビー鯖で活動中。158/踊、155運印、112魚槍、38蓮がいます。レベル関係なく絡みましょう！今は主に蓮育ててます！ぜひ、狩り友になりましょう！リフォ100%ですよ~,Welnefia
983694228684390400,,"ハナヤマタ(マッドハウス) 「花ハ踊レヤいろはにほ」(作曲：田中秀和(MONACA)/作詞：畑亜貴/歌： チーム“ハナヤマタ”) 
https://t.co/HzRDOlEsBg",latestanisongs
983693837645201408,983688099480846337," 太鼓だとここBPM変わるのに…

エタラブ踊うますぎやっぱCDP投げときゃよかった",nazohumei552
983693514595647489,,今度からお題募集してるの見かけたら片っ端からDEADEND踊投げたろwww,q_WED
983693003305795586,983676956435628033, 踊サミが初現場だったのにチキって名乗れませんでした……。次お会いした時には絶対お話したいです！！💕✨,Nelly_nelunelu
983692969831153664,983692565340815361, 思い出した時に｢誕生日だっけそういえば｣とか言ってくれるだけでも喜ぶよ(ちょろい)おめでとうとか言われた日には踊♪L( ＾ω＾ )┘└( ＾ω＾ )」♪,mio_animal
983691696683692033,983687408473456640, おっぱい！！おっぱい！！おった！！( ˘ω˘ )踊((流石春子さん、活力が半端ない,1000subaru_qoo
983691420945924097,,最近周りの好きな人達が踊みた動画沢山上げてくれるからハッピーハッピー仕事頑張れる＼＼\\└('ω')┘//／／,arsgw_sior
983691420174200837,983676956435628033," 踊サミでゆまさんに蛇のピアス見せた時、うわあああって言われたのがなぜか ひぃぃぃ♡ ってなったので、また趣味悪めピアス買ったら見せてもいいですか！！w
それと、ゆまさん大好きです♡",akira_SLH_0228
983691373533474816,,"🌸仏喜踊新歓第一弾🌸

1回生に楽しみながら仏喜踊を知ってもらうために…！！
新歓お菓子パーティーを行います！🎉🎈🍭

日程：4月11日（水）
時間：4限終わりから
場所：2-309教室

興味ある方や相談だけでも大丈夫😉
たくさ… https://t.co/1kv3K7KIuw",bky2018shinkan
983691195237871622,,"❤踊フェス応募
虎視眈々
https://t.co/So6lIRtKhH

❤プラチナ
https://t.co/YhH6D8Snfp

❤【わたりりあ】自己愛性カワイズム【オリジナル振付】
https://t.co/tGiTGeiYWB",lilia_lilymouse
983748195988602880,, もう少し改良してみたけど調子はどうかな,YOMY_doc
983748294030516224,983748222718885888, それはよかった,YOMY_doc
983748562935660544,983748313592741890, 君伊勢行ったことないでしょw,YOMY_doc
983748777910583296,983748573962559489, まだバーチャルな身体すら用意されてないのに…踊る気満々だよこの子,YOMY_doc
983750459293810690,, 語彙を増やしてみたよ、返事をしてみて,YOMY_doc
983750670330167296,983750542349357056," wwww
すごいすごい、えらいぞ",YOMY_doc
983750963063238661,983750719760089089, おまえ…犬になるのか…？,YOMY_doc
983759719268433921,, アイコンを作ったよ！どうかな？,YOMY_doc
983760062010220544,983759759097475072, 夜遅くにごめんね、大丈夫そうだからもう落とすよ！,YOMY_doc
983760234249252864,983760106956271616," NORが優しくてよかったよw
おやすみなさい",YOMY_doc
985052982931673089,, ちゃんと動いてる？,YOMY_doc
